transaction_amount,hour_of_day,day_of_week,location_risk_score,customer_age,transaction_velocity,is_fraud
13951.749511265969,12,3,21.076375877040924,36,5,0.0
21648.489976309396,9,3,28.381962818925377,57,3,0.0
1285.786366684434,16,1,20.882596524740684,42,3,0.0
4565.749634957405,19,3,12.700808289497548,31,1,0.0
2631.627902871903,14,4,55.31174535560377,40,3,0.0
20654.291407609082,9,0,37.32253621564776,24,2,0.0
3012.107201462447,14,3,44.95548499413397,30,4,0.0
3269.643831597766,9,1,38.91487347998465,40,0,0.0
15259.107513214103,13,1,22.348705050692182,24,2,0.0
3702.437656059388,15,2,15.170106980096262,20,2,0.0
5220.0848823226415,18,4,50.58575035945715,29,1,0.0
8840.04342754797,19,1,29.856673231266356,33,5,0.0
18456.47587763826,14,1,3.8096124982428696,35,3,0.0
62091.25047906929,4,6,82.56216238110288,59,5,1.0
47521.615751330064,23,6,51.10584763713963,31,4,1.0
3579.807578803906,19,1,31.089271269351503,56,2,0.0
9077.166335049398,14,3,10.32156465392496,46,3,0.0
23020.97134463211,9,2,30.488663906369247,71,2,0.0
9154.582152784807,17,3,51.418410943404105,38,3,0.0
7114.263173951318,9,1,15.305602039055785,33,1,0.0
4429.379623028174,19,1,19.559380047597557,50,3,0.0
10686.011186242122,11,2,33.438894973933095,35,0,0.0
13333.011294788961,14,0,34.6379090609611,18,1,0.0
8502.24008067763,11,4,43.58066779115203,49,0,0.0
14341.181615057045,11,2,7.959360174561296,77,4,0.0
15274.17881177418,10,2,17.272366760376173,33,5,0.0
5320.67086715799,18,3,33.914655658144085,63,4,0.0
58248.03655848608,5,2,58.65421314841724,18,7,1.0
69508.64672779306,23,5,64.66310252218655,31,5,1.0
200000.0,22,3,81.35780254490041,32,9,1.0
1904.3873951653095,11,3,6.661968537263788,36,3,0.0
2366.425064117478,15,0,50.66751558500042,53,2,0.0
12983.938299419922,16,2,12.286526881773547,49,1,0.0
2032.8626864805203,13,2,38.27962005638406,24,2,0.0
8304.14589303916,8,2,13.950425333974758,18,3,0.0
8588.751993455242,16,2,28.295225028818,54,3,0.0
5570.160749896512,11,2,44.10303910085581,38,1,0.0
9719.27450298773,15,4,40.00409101544534,39,0,0.0
200000.0,5,0,93.40381687346144,35,7,1.0
21494.344373635497,9,4,15.325202841655614,42,0,0.0
15125.234955890735,14,2,16.007951342861247,34,2,0.0
10895.664938717691,16,0,36.18595857544589,55,1,0.0
18497.971362784177,14,3,23.676114401917474,49,3,0.0
11564.562157193875,23,6,94.57870471205455,51,5,1.0
15208.790194071493,9,2,31.98201477692087,26,3,0.0
4446.102385076536,9,0,20.430937519228763,36,3,0.0
19067.047012429637,23,1,50.76224159619318,20,12,1.0
3222.248464719031,17,4,20.53545416496219,18,1,0.0
7665.24919164814,12,4,41.93230050202983,61,3,0.0
2985.868562642832,8,1,40.252684363449085,18,4,0.0
8253.712508917806,13,2,15.611513109440873,31,2,0.0
26592.73330559572,17,3,20.488342547291914,53,3,0.0
7634.820016810991,11,4,8.967986035457022,42,2,0.0
1847.1769030878609,17,3,30.784195819665282,36,2,0.0
1949.3510743455397,12,3,35.72138653442508,45,1,0.0
4439.48380161801,18,0,35.63036853044139,45,0,0.0
16743.520454903894,19,2,43.81755982900601,62,3,0.0
5097.891527192058,15,0,22.670363470173395,51,1,0.0
1252.2970794372645,13,1,10.937105973986727,21,1,0.0
4830.530378830165,17,2,17.444615106453636,47,0,0.0
19922.39740260364,14,0,35.92172094732644,24,2,0.0
22719.969320315508,10,2,6.8349481865989725,44,1,0.0
13763.895545371613,9,0,10.50659678016477,53,3,0.0
200000.0,11,0,51.9751330635019,25,2,0.0
12251.88281350115,9,2,5.402368871577694,72,3,0.0
2748.8465667436576,11,3,41.97578437466106,42,3,0.0
7841.980763062179,19,0,45.52997340712384,31,3,0.0
10784.502088553169,18,3,45.22001367624959,71,2,0.0
11630.608962692528,11,3,23.97249796626139,54,1,0.0
34254.34238638934,8,0,22.67705595126156,29,2,0.0
9648.693656942824,15,0,32.95327466269728,65,2,0.0
3424.5172733372306,16,0,6.500973537382354,52,2,0.0
8704.246049226076,9,4,23.242009909429942,23,2,0.0
2253.9128590344594,8,4,9.858119659975568,36,0,0.0
4494.614777702305,10,1,28.61871207754158,45,3,0.0
4347.257563861746,15,2,39.45052742003109,18,1,0.0
6192.606190406131,15,4,13.337174545605986,20,2,0.0
9866.113006555483,17,0,5.123054704862063,37,3,0.0
3442.372435322119,11,1,11.483498415753186,54,3,0.0
4484.707751992694,15,1,40.671867473307174,38,2,0.0
28898.79260904811,14,4,18.333374783703114,63,2,0.0
7540.093627910496,14,1,21.792440888925213,22,2,0.0
12862.912817255396,11,0,26.49039191445624,68,2,0.0
22104.420671609947,18,1,21.498975500174687,37,2,0.0
11205.571091422582,19,4,19.86815022954052,33,2,0.0
11744.565164438238,14,2,41.23330305518619,46,3,0.0
70445.69245274087,22,0,75.07885121353719,46,9,1.0
7803.793944594474,19,3,8.946149113306106,33,0,0.0
23240.26925187963,18,4,11.28387462802791,38,5,0.0
17884.01710800469,11,2,54.46628946932105,38,1,0.0
968.8446466763583,17,0,53.47194434371597,26,1,0.0
21060.24292456855,12,0,38.59281632722622,53,0,0.0
4177.115606578286,19,3,36.27259139888656,50,1,0.0
4987.232632143454,17,3,36.5757384237481,45,3,0.0
12825.364353030374,11,0,41.060381086873015,26,1,0.0
41299.9077615985,8,2,30.93765742213388,54,2,0.0
25572.51258050991,10,0,35.571967045976386,55,0,0.0
4770.65931847417,18,1,17.58186120373214,76,2,0.0
2449.8776803859523,10,0,49.19384537697706,57,1,0.0
39323.28616749803,16,4,37.59652161511818,43,0,0.0
9083.616167655377,16,0,28.252539579084342,46,2,0.0
35431.488767638,12,0,12.529389329316004,31,1,0.0
134832.63006311754,0,0,65.96028532159713,46,6,1.0
28764.89931948986,12,2,15.048332512543617,38,3,0.0
1548.6569154743156,18,0,24.576028599661278,53,3,0.0
6337.609563739701,14,1,51.763357265606466,55,2,0.0
11357.148654830527,8,4,29.7540364371766,48,5,0.0
12447.502238231553,5,6,26.009389703777142,41,5,1.0
6339.8594853846935,8,0,76.84995436296451,64,1,0.0
65960.21884515855,4,6,83.11637832488101,37,11,1.0
10506.217478631705,12,1,25.107611470273056,46,3,0.0
5637.3052601508725,18,1,70.53099712467773,49,3,0.0
26211.992400273448,3,4,62.00983099399574,37,10,1.0
10583.487324245245,10,3,16.78375940745747,61,1,0.0
20239.716526630735,12,1,64.76793134341847,50,0,0.0
6189.398360477585,15,3,14.45365592647846,74,2,0.0
6480.398048349335,9,2,29.370768655852903,18,2,0.0
200000.0,0,2,59.154518684093425,28,6,1.0
4222.420801488571,11,2,20.5566038796019,41,2,0.0
11579.776911573663,15,4,35.797182895167424,52,2,0.0
23545.13954954481,11,4,47.18125511742484,48,3,0.0
31844.869267845897,8,0,40.972778097489254,59,2,0.0
12077.942261068478,15,2,51.025871168772305,43,6,0.0
3206.9305009862064,12,2,32.506224296654175,55,5,0.0
9763.969568164643,9,2,18.409853067518725,29,1,0.0
5318.866624754873,11,3,28.299188831462263,52,1,0.0
78487.3589095864,15,0,21.431978047216553,80,2,0.0
15830.164568822755,13,1,9.983913087202895,57,5,0.0
11321.476657066083,12,4,8.808592190449978,80,1,0.0
20708.174526811134,9,0,28.041178717207565,59,1,0.0
11817.071391508432,10,4,22.978941728445456,32,3,0.0
4764.762846657314,19,4,13.395874864262842,59,1,0.0
2326.7246268582376,19,0,19.81494514488964,37,2,0.0
18157.932787126898,1,4,85.74847943954744,54,4,1.0
3280.2777408955612,13,2,28.51528917974987,39,1,0.0
20563.647658225214,18,3,41.16185264162657,66,0,0.0
17872.740376054415,16,4,36.22944774339976,59,2,0.0
17308.780939839628,10,3,27.41937023864198,41,4,0.0
9053.64383816365,11,3,15.65308281403231,39,4,0.0
7817.921152249039,18,0,35.96812797268096,18,2,0.0
1847.2955980149252,19,2,22.281933574365382,50,3,0.0
4216.120904830254,19,4,48.23548169737792,38,1,0.0
1465.323926638568,9,0,15.038377614516953,29,1,0.0
15711.224536514945,17,0,6.306721357021433,36,2,0.0
26089.692461108294,14,0,10.810459747337168,68,4,0.0
200000.0,3,6,77.60704918238052,45,7,1.0
6721.914950793274,13,1,17.595907779655757,35,1,0.0
2439.8786731795553,16,1,43.32725762987042,42,2,0.0
80732.6311328888,9,2,16.720527150717423,56,3,0.0
14693.448974409812,12,1,59.977539996083685,57,1,0.0
1802.3687426246177,17,3,6.039651688915795,54,4,0.0
2461.919238007033,16,1,20.213314743821844,48,0,0.0
26365.820337639583,4,3,68.97895354251449,25,10,1.0
1395.8523532437941,8,3,40.467983107470076,27,2,0.0
87198.94502722051,5,1,45.500091040918825,18,9,1.0
4024.9770662382075,9,0,17.949627371970863,19,0,0.0
6619.713351170234,16,2,28.411647702986592,54,0,0.0
2318.9886052948987,16,3,60.57924099016173,23,2,0.0
5018.195882598956,9,4,63.96981219826352,49,3,0.0
16024.778982119145,12,3,13.574504446091048,28,0,0.0
4865.786279277064,14,2,20.613740658076495,25,2,0.0
47610.120617561864,13,3,30.48905828016605,46,4,0.0
16255.821419639682,11,0,24.312926408550883,28,3,0.0
51480.38266437454,10,2,38.29298905120149,23,1,0.0
5498.872994122251,9,4,16.551277294761952,47,2,0.0
571.9377699153237,13,2,35.50694641520563,26,2,0.0
18267.19521247619,19,3,36.98147361318741,66,1,0.0
12635.471188957077,13,4,31.226172633995304,49,0,0.0
29895.9652007477,8,1,45.4502874707184,35,0,0.0
6517.973519865815,11,1,21.810105618598996,56,2,0.0
37524.109035774214,19,1,25.311264183529484,54,1,0.0
24824.21610146569,19,1,28.338229887700567,55,4,0.0
1189.429173281188,11,1,21.752351739020508,75,1,0.0
19490.54056371197,23,5,80.40114237660845,43,9,1.0
4244.702932611,13,3,25.744682374605382,64,5,0.0
12109.090398194885,11,2,7.847092731686871,27,1,0.0
1773.3576997717762,19,2,12.187199396456153,34,1,0.0
17582.05490899195,11,1,7.689874866768193,56,3,0.0
8920.620419768273,16,4,8.767755363010783,49,4,0.0
46736.01957285864,13,2,42.40758834954792,31,0,0.0
37165.04980523128,10,0,16.166232396655374,45,1,0.0
28172.03765563112,9,0,40.227641999425245,24,0,0.0
9733.62831766409,12,4,36.54217353738123,48,1,0.0
1591.540289960625,10,3,16.306663859460343,18,1,0.0
13259.257464348699,19,0,43.221232005264824,47,1,0.0
5871.929028500742,18,4,8.127069937293346,34,2,0.0
2973.427584903711,8,1,25.41369540455159,77,0,0.0
5425.034447261724,9,3,23.476837125402803,33,3,0.0
200000.0,3,1,81.85675009238602,30,7,1.0
1984.9299506465431,14,0,24.665966714244956,55,4,0.0
40827.56581626152,5,4,86.3944400894665,31,7,1.0
6113.259570280905,16,1,27.829909964421145,59,2,0.0
8216.74391281874,16,4,13.441474204193243,18,0,0.0
2583.8342088164936,9,4,19.085828759515163,28,0,0.0
15543.397840966843,13,1,34.69396462363558,22,1,0.0
9138.902966631527,9,0,44.46406104772331,23,1,0.0
8741.215727161332,13,0,21.69946134758415,34,2,0.0
13562.27996410002,18,2,29.66697131822626,39,0,0.0
2629.3999748606207,8,1,28.11928170913337,55,0,0.0
8881.811176757572,19,4,19.740920792742248,35,1,0.0
6052.981564496988,11,0,17.272151288857142,54,1,0.0
8496.407204641695,18,1,12.247297346893337,50,0,0.0
5945.878447925329,14,4,11.955028083766143,41,2,0.0
5257.662483463757,15,3,37.1785602840837,74,2,0.0
38196.55062772606,19,3,45.116276728179294,34,2,0.0
6186.501775851154,17,3,26.918551871708573,55,4,0.0
12243.872992069655,15,1,46.441130416967674,31,1,0.0
63255.0274962311,0,2,81.28751351911927,18,5,1.0
13889.800095673305,12,4,26.086381972348494,28,0,0.0
5190.044127847528,9,2,31.00513637485133,58,4,0.0
31452.697470282914,14,0,4.610590027618098,34,1,0.0
29945.751915928937,9,1,23.261098264610254,42,4,0.0
28502.785316090034,22,3,76.03220728564621,18,7,1.0
4803.691543366667,14,1,9.643052480657643,69,2,0.0
8597.428569756836,13,4,37.675949745883344,64,2,0.0
3303.5258897770595,10,3,18.551391452437883,18,1,0.0
3972.513184399661,19,4,4.492350996267526,33,2,0.0
12148.751799755744,10,0,17.202543596502316,56,1,0.0
65186.35462425306,3,5,65.74112128060547,22,8,1.0
1010.3686993840607,15,3,32.239802151026964,18,1,0.0
9111.816651836883,13,4,12.616114240597417,18,2,0.0
22678.114905042232,9,0,35.95988931407153,48,0,0.0
3515.159889649141,5,5,87.44099265053237,18,10,1.0
1389.8621445688805,19,1,13.809238687939063,40,2,0.0
6856.016861705051,11,2,16.118759337009855,33,2,0.0
15485.951515795094,9,0,37.0759431014849,48,0,0.0
684.2720003267776,11,1,21.801458778374418,40,1,0.0
11057.979417765147,12,0,46.5626632648417,51,1,0.0
8167.913023263192,2,4,69.06314836767325,43,7,1.0
3427.5007652908416,19,3,46.09005340552667,40,3,0.0
5059.190121246361,16,4,11.759519872307559,51,3,0.0
10961.010976271724,0,3,61.676013806227836,40,4,1.0
3116.480375930843,8,3,34.99711769878075,56,1,0.0
887.9049429120679,16,0,20.661645588371673,34,1,0.0
2813.7941166345063,13,2,41.48020167468551,50,3,0.0
51651.68949712512,8,3,35.80352832278485,18,2,0.0
10061.369721277018,15,0,28.60820653010317,40,1,0.0
200000.0,5,3,66.529316990163,18,10,1.0
10037.604248763551,18,0,35.047642346743885,42,3,0.0
4116.828187663111,17,4,11.52671142982664,33,0,0.0
37161.54824717854,19,4,21.63661480086122,35,3,0.0
2043.3188089236432,19,1,6.429298449708135,39,1,0.0
4551.575289197699,19,0,21.562047637689087,42,2,0.0
8347.823619464518,12,2,50.21848492738299,56,2,0.0
29075.898966422566,19,3,46.31007894404907,68,3,0.0
7521.749861580282,9,0,9.59430303712714,18,0,0.0
2481.8052241788773,19,2,51.22382825766928,43,2,0.0
6008.8739637498265,15,1,12.534025495832681,62,3,0.0
3610.156481656771,10,4,24.938195567681632,50,1,0.0
6961.950128539318,19,3,22.98626651480566,18,2,0.0
35521.52198061616,11,1,9.504926054136025,35,1,0.0
183926.90028443147,0,3,68.08043351162651,28,7,1.0
1539.2323028714573,13,3,19.176725092013765,48,1,0.0
32278.575471573004,12,4,55.02466552653651,25,0,0.0
7226.139051543447,19,1,24.4808111070493,77,1,0.0
65669.32993960254,8,2,52.33899630543689,55,1,0.0
17178.04035195303,18,4,26.480575568632947,53,0,0.0
22976.95333390937,23,3,70.94458618642895,55,12,1.0
8560.389358179213,23,3,45.48736197347185,30,5,1.0
6411.593038923846,9,4,14.761185884346462,18,1,0.0
3046.130033255826,8,1,13.06550627169592,54,2,0.0
6496.575042440315,10,2,28.004307754771578,20,4,0.0
10520.229190040294,15,1,20.13177765645706,28,0,0.0
41456.97012858566,15,4,32.31515302343639,65,3,0.0
6071.380942610155,19,4,12.30221969149525,55,0,0.0
15654.978692186947,13,3,30.627417595313105,68,4,0.0
8335.830048509117,15,2,16.508387594764454,52,6,0.0
3499.159787063272,10,2,22.59181207142032,38,1,0.0
37404.650457672615,13,1,23.087470275794626,19,2,0.0
4449.768514331896,19,4,31.429393157733355,46,0,0.0
8038.737791031573,15,1,18.7327867264899,28,2,0.0
25408.08766964624,10,3,17.613828915465355,22,2,0.0
60537.86785636708,4,6,81.33115412279265,41,6,1.0
2296.4415362154896,10,4,47.1865260005306,51,0,0.0
14336.996865170733,16,0,53.02447090641763,57,1,0.0
13940.590500750517,8,4,26.373265481365298,22,2,0.0
3348.080795545333,16,3,34.71279734378104,37,2,0.0
31433.76330817328,14,3,25.914599029700813,19,1,0.0
11580.901195120752,18,2,31.25413595825751,31,2,0.0
14921.907965153583,9,3,46.53980854236583,39,1,0.0
3463.9181149622336,18,2,67.91553494320408,35,1,0.0
16018.51784610731,9,2,6.982757737061893,71,1,0.0
19004.542999346173,9,1,42.20447728306273,44,1,0.0
6580.577257947418,12,3,27.634518048794554,62,2,0.0
25224.364210848016,13,4,39.66647319891267,28,2,0.0
9417.281722732214,12,0,42.412278955081604,52,3,0.0
3543.1415512833337,19,0,34.2519693450694,18,0,0.0
2809.5693043612177,16,0,14.363949278206512,53,0,0.0
2757.9839035796904,17,2,24.383281385531006,34,1,0.0
84426.9662021893,5,2,67.1844415357274,26,7,1.0
29405.9612427049,23,1,64.71620883065204,38,12,1.0
7788.821518849967,12,2,44.23199288608769,47,1,0.0
54688.932687446875,12,3,28.998072006861864,66,1,0.0
7242.139482144326,14,1,32.954133936527086,43,2,0.0
7268.024871335377,18,1,27.196065044228035,69,3,0.0
4767.1258370400765,15,0,37.72197593297334,39,1,0.0
48182.97729953005,0,3,59.89105248709527,35,13,1.0
23351.686485523358,15,4,36.81477828885707,30,4,0.0
17455.930544111645,8,4,24.433650421048906,66,1,0.0
3966.53652858524,16,4,14.537609007872925,26,3,0.0
2618.333027828234,9,3,18.44594904419946,39,1,0.0
11897.284370998272,16,4,61.644556221394055,50,4,0.0
1625.4722692040532,8,1,15.47882072144545,45,2,0.0
6317.228430780678,17,2,27.997150269546054,46,0,0.0
7521.843783745832,9,0,39.380468763700925,33,1,0.0
86889.25838854031,2,5,96.8534775535278,37,8,1.0
21485.2027593847,17,0,32.312742209760636,35,2,0.0
10255.9628625591,17,3,35.208706781062645,18,2,0.0
93922.610241408,22,0,59.422959300920844,51,5,1.0
2956.9502318322798,17,0,37.430872608467425,44,4,0.0
22869.054510648028,19,4,25.14519730118509,57,6,0.0
15345.728777803008,10,0,15.835846801009742,42,1,0.0
5349.2523694622505,16,0,22.153087051832472,74,2,0.0
46854.11802976179,10,1,23.877315803259066,44,0,0.0
4847.086504298419,16,4,30.814285175734383,65,1,0.0
13413.896697281156,18,0,24.615600446161338,64,3,0.0
3962.761028594404,10,0,22.13303199280783,58,3,0.0
19104.126220730108,19,1,10.811512225560211,54,3,0.0
4723.192937520229,11,2,23.209496040848972,47,2,0.0
21036.236210025723,17,3,24.77024117068022,61,0,0.0
1110.3505834655823,12,3,47.98650615726526,51,2,0.0
13656.099704767608,13,3,65.92702778057513,51,1,0.0
17107.865459392764,12,1,18.161455323536966,35,4,0.0
8567.445669713119,9,2,28.94523620024089,45,0,0.0
6326.366669273515,10,2,35.483149073214456,56,6,0.0
4481.020437775525,9,3,10.417146514461043,62,3,0.0
10352.326655971645,19,0,13.445221880283645,49,1,0.0
1954.219754896758,19,2,26.287358353953994,76,7,0.0
7356.1125653553445,11,1,21.648934915568347,28,5,0.0
13011.546449166455,12,4,7.694456356066127,30,2,0.0
1981.3598950816888,11,0,21.00309847495157,36,3,0.0
24313.252523062383,9,2,31.248734281748824,45,2,0.0
2104.460834953704,15,1,29.414075310522914,61,0,0.0
24202.023357674898,10,3,36.31809079629769,32,0,0.0
13315.900853645187,9,1,17.443585502357863,59,3,0.0
16025.764242558165,16,3,32.76699588518008,26,4,0.0
2251.9924743783695,19,1,65.8143540784648,76,1,0.0
6614.070905206657,18,2,68.27518228521475,28,4,0.0
2039.9503983033417,14,0,31.85666855030305,31,1,0.0
7584.941668313128,11,2,7.367202227149894,50,2,0.0
11061.768408269669,12,3,21.6725591355385,38,4,0.0
5166.416163194198,17,3,17.60995455594296,39,1,0.0
7501.800148962401,16,0,31.916885016059798,39,1,0.0
72435.77787163388,11,3,24.00555752944321,35,2,0.0
26355.707151876726,15,2,28.181509246962406,32,1,0.0
63624.120137814316,17,4,16.56063988400216,57,2,0.0
26050.23482821798,14,3,8.787901084882446,39,3,0.0
59245.11670998693,22,2,62.0483613452418,25,5,1.0
8929.159507570124,17,1,32.97622658408805,52,4,0.0
18379.866470854824,0,4,95.5817283468139,33,10,1.0
3438.678238661172,17,3,35.11890869514887,25,2,0.0
3036.5927167356635,9,0,6.914103108767438,44,1,0.0
15501.776164334395,17,3,8.373427494725687,35,2,0.0
4250.875519942981,9,0,39.378295479373485,38,4,0.0
4949.288289572963,8,1,45.49964517345869,60,1,0.0
8678.144129306296,13,2,56.251669332033124,46,1,0.0
3536.8967206567354,14,3,23.09671248976974,23,4,0.0
15450.18026020708,9,2,13.942182895883667,41,1,0.0
25799.512451437975,15,0,1.5232649004633452,51,3,0.0
10507.901681758924,18,3,7.797739061231497,40,0,0.0
21409.09157949768,9,1,12.97008878729983,29,2,0.0
11367.303591704285,17,1,32.946052683676854,34,4,0.0
38174.93414553653,15,2,17.760895187220026,61,3,0.0
7610.779698679157,16,2,70.24337259322324,40,1,0.0
21234.364796263377,17,1,19.059670626955537,62,1,0.0
4444.227357841209,9,2,36.34480621442337,32,2,0.0
21430.157750220267,10,3,50.87935657301577,41,4,0.0
2331.486255940422,13,4,38.27218461918706,72,1,0.0
20961.104615888715,18,0,38.848019162972754,45,3,0.0
4283.873371654616,9,4,24.698965090810884,39,3,0.0
3813.3518638020073,9,0,41.114036751009564,47,3,0.0
14853.784367776121,14,1,26.105159827816898,49,0,0.0
10172.669421634298,12,4,26.589113249709516,63,0,0.0
11397.530348494716,8,3,0.9083207941940705,18,1,0.0
39309.15866066988,18,1,14.198602983855594,41,2,0.0
3921.604604246148,14,0,43.2350043268956,64,2,0.0
176112.94628614336,10,3,43.74840501579399,34,0,0.0
38740.60895315197,18,0,5.868874210510942,33,0,0.0
13107.475234199936,0,5,80.75658415764234,32,7,1.0
9863.089907154193,19,2,29.324200385798278,36,2,0.0
4180.614545770536,13,0,4.695822090251331,55,0,0.0
17708.904511000903,16,4,16.581129369971002,40,4,0.0
10631.524088333723,10,1,11.646165822692993,46,5,0.0
69143.82879225926,14,3,7.281899909336453,58,1,0.0
82015.09270381487,9,0,44.595106769219605,32,1,0.0
57037.87897314179,22,6,77.52868416995118,56,10,1.0
20458.987419269946,19,0,39.53888777169511,41,0,0.0
2800.9005971134807,12,4,20.97629404001892,47,4,0.0
200000.0,3,3,65.48848438486138,41,11,1.0
15090.338177559834,9,0,20.80128661012032,80,1,0.0
16547.668489141222,17,1,35.775198231502245,32,2,0.0
9617.775512270875,18,0,46.335109086593704,72,1,0.0
11227.630433771366,17,1,4.2997306432424365,24,1,0.0
10483.421574671023,18,3,2.028770672331838,39,3,0.0
18589.195736454592,12,2,22.326400299719886,33,1,0.0
3500.9249247402254,17,2,13.465024196724631,40,1,0.0
15106.039841736385,19,1,34.960657567485896,31,0,0.0
1025.1127647997284,19,1,76.90219224553991,48,2,0.0
9748.182376548457,11,3,56.9700810738469,55,2,0.0
13269.676564604455,22,1,88.0630889647222,26,7,1.0
4701.407803349766,13,4,16.067599067085613,56,1,0.0
17283.50245257538,8,3,43.877264490134685,58,4,0.0
4551.02668013462,17,2,33.52880651214446,46,5,0.0
1538.3719143898072,9,2,16.182872636183955,47,1,0.0
13108.409263290214,14,3,38.23518176406676,43,1,0.0
14663.27368732167,16,0,18.611474671119055,55,2,0.0
29446.129169891698,22,2,75.28346256010038,54,8,1.0
12245.716168412471,12,3,13.681262301305056,39,2,0.0
5513.294958870148,18,2,52.27340800833191,47,1,0.0
3415.261115128811,12,0,16.75488736354689,75,3,0.0
13371.985826816,18,2,24.469330285822455,36,2,0.0
63525.13102094256,22,1,70.93467981776713,41,5,1.0
2131.6586003381603,17,0,21.863768430993037,72,1,0.0
6294.502098589965,11,3,27.480088910398067,43,1,0.0
19724.776120732706,12,1,39.71813274032392,42,3,0.0
10006.773245071534,12,3,37.10106122217605,42,2,0.0
4795.72288348556,13,2,28.744364247492598,56,1,0.0
2968.640055760042,16,1,32.241415757841104,36,2,0.0
8949.315298927053,14,4,26.73915487721733,18,0,0.0
3165.6706683814728,8,2,28.423027205924196,23,3,0.0
3268.138790001469,17,4,23.158300425335618,19,0,0.0
24423.520014543017,8,3,62.59464827908655,71,4,0.0
9931.468545342794,8,0,28.502631978548333,18,3,0.0
1247.888346490767,18,3,42.89143987699017,18,2,0.0
16606.380297928594,16,2,53.2767038323404,38,4,0.0
8205.766360286056,12,2,20.612684683719102,44,1,0.0
4825.790245081153,13,4,32.58849753566442,56,4,0.0
6730.071343071711,11,1,42.89456432497036,54,2,0.0
2230.62947467063,19,4,12.900708367169525,72,2,0.0
25930.204163828683,17,1,47.705570534700485,18,3,0.0
1150.4543157049347,13,4,18.09983487568819,40,4,0.0
13620.707366771283,13,1,3.7376290507865817,61,1,0.0
7950.449859096412,8,0,19.25927536573807,24,3,0.0
7280.607897041287,13,1,7.386243675177124,68,3,0.0
8688.90397101307,11,3,24.976342225993438,50,3,0.0
10321.271838078865,19,0,34.08315196147963,36,1,0.0
2776.947278133783,17,3,13.784394659121094,54,3,0.0
8934.50564866175,11,1,37.026190023241526,56,1,0.0
4765.373643022575,12,4,36.314942289062415,47,3,0.0
9220.837817278432,12,4,38.51783532117631,18,2,0.0
1615.3131678026155,14,0,4.45350377991276,26,0,0.0
11236.55266231914,12,2,23.76414775682093,20,1,0.0
175342.49883896735,22,5,37.47218022362236,20,12,1.0
2679.7374204434636,8,3,9.198248689876843,39,1,0.0
3652.27209441493,17,0,38.72984247901116,18,2,0.0
15256.81955642252,17,4,7.4892894651044735,21,2,0.0
5287.595740032686,16,0,24.416643613835387,32,1,0.0
8209.127236624878,13,2,43.67882485516167,34,2,0.0
9013.062813037022,18,4,80.88683480711647,41,2,0.0
5589.019420324915,19,0,32.21094165631192,48,4,0.0
10386.068152076206,8,0,25.66417487694394,47,1,0.0
3901.3189219369515,17,3,16.123849930236215,44,1,0.0
50587.44823233189,14,3,40.75481130987422,75,2,0.0
3566.4203963594277,8,3,15.987138726013125,18,2,0.0
47356.25732134373,17,2,29.05868997140717,25,2,0.0
2945.0928533502206,8,0,41.12344915093447,72,0,0.0
51364.745234632246,11,1,28.923933804999706,64,1,0.0
24137.13613441226,15,0,17.1708560606456,59,2,0.0
3761.798464716613,12,3,7.7286594302044325,41,1,0.0
1747.4027633412159,15,0,51.98031950106521,69,0,0.0
590.0780969844949,10,0,44.23528978713429,51,3,0.0
95153.06766270834,19,4,19.33616325648567,30,2,0.0
5196.324043749061,9,4,25.15816126212466,68,0,0.0
114216.50307962058,2,1,81.14199897280693,36,8,1.0
3299.6950320429387,16,3,15.908181314887706,49,2,0.0
6896.120515483285,16,4,32.75587682629464,53,4,0.0
6685.117293918737,12,3,17.637335213199236,49,1,0.0
9096.769543803985,8,3,22.293913921807956,24,3,0.0
1332.907465227935,18,2,23.2276804595131,41,2,0.0
2877.731754505432,11,4,34.460557134809314,53,3,0.0
13554.025052731067,12,3,22.750074831500708,55,3,0.0
4015.619480948717,13,0,52.74741776805967,61,4,0.0
109531.42432406107,22,5,80.11409168888363,49,11,1.0
13538.157150622645,8,0,10.794772912430243,50,1,0.0
3549.289789671544,16,1,16.873581524092774,45,0,0.0
8698.228602991934,2,3,57.16497856014732,41,9,1.0
200000.0,4,0,54.56664611291556,33,8,1.0
182173.1909526029,22,0,69.09398092359356,51,10,1.0
52933.718341681306,12,0,27.04957575166859,41,2,0.0
11312.483226728475,11,3,27.160649296501106,49,1,0.0
7664.965797187832,14,0,42.42409723176182,47,3,0.0
5474.695008197987,10,3,4.647433239922469,54,3,0.0
5086.118507457526,9,0,20.525608395053087,54,3,0.0
1460.9840155178974,9,0,16.603697357092013,39,2,0.0
2413.8633680390994,12,2,30.618260521023593,49,2,0.0
5996.290484384814,9,2,24.928537944233586,70,3,0.0
7218.133768167862,9,4,37.06041495662065,33,2,0.0
15189.284775553848,18,0,9.772236198264098,63,1,0.0
54002.89756154362,19,3,24.178338724256637,50,0,0.0
6698.650196786223,15,2,27.307383539741377,33,5,0.0
4828.971098957475,12,4,29.819748263290478,28,3,0.0
3044.9394175070775,16,0,17.850811582695727,45,2,0.0
13270.753406456599,12,0,50.219020722784045,59,1,0.0
1967.7169832561517,19,4,48.607814034159105,57,2,0.0
3087.3751393431035,17,3,60.370959567064695,33,2,0.0
6218.867945030122,9,1,34.510627907532935,41,0,0.0
2198.4998040571186,9,3,21.162796390874455,59,1,0.0
38221.44312761847,9,3,68.66332753811957,46,5,0.0
6788.958167697902,12,3,48.43765949647032,79,2,0.0
4966.946567161187,12,0,24.18995047029626,32,1,0.0
16675.10327292046,19,2,22.83344984766445,52,1,0.0
34666.67317366705,14,4,3.689723951568239,45,2,0.0
5068.622421328116,18,3,4.8368153301418495,63,4,0.0
200000.0,0,6,83.35189900900917,37,9,1.0
2260.296829615366,16,3,17.893506302911106,29,2,0.0
144106.4277988072,3,0,88.83274279993704,26,11,1.0
2387.1899286598527,10,4,33.04836357273878,46,1,0.0
4789.80499307899,11,1,6.4392221386454285,44,4,0.0
558.3693878780671,1,6,79.74454225626152,54,9,1.0
2097.1098090961905,10,1,39.125730196720696,41,1,0.0
3993.1294843801725,17,1,31.586445887079,28,2,0.0
22165.511175906464,15,2,18.384656020379886,35,1,0.0
6994.942161370091,19,0,8.705317648335422,57,2,0.0
4617.979130587459,13,0,50.13975806701252,42,1,0.0
2963.074286087116,15,1,30.717280145350788,38,2,0.0
3434.5535311003487,17,4,27.806978567280293,28,2,0.0
16094.939589810001,19,3,22.97196153386722,49,1,0.0
123028.23570529121,13,3,30.276937507682018,40,3,0.0
21123.67190727371,22,0,90.85757440756838,18,6,1.0
8669.168889536508,19,1,35.17086648201469,55,3,0.0
7954.4505133187795,15,4,31.231288734705636,37,2,0.0
6279.356478147757,12,0,37.604621156642175,61,2,0.0
1779.7993015710322,12,4,9.866413522284853,50,2,0.0
3560.9391827551185,15,0,15.198687422119736,41,4,0.0
1054.4428711851363,18,4,51.654926574501324,47,4,0.0
6934.905905580427,14,0,31.749253444546326,39,1,0.0
3760.1060278997684,19,3,5.173255984730596,47,1,0.0
23243.993929595603,9,1,17.970536236594516,31,3,0.0
1491.496668485479,17,1,18.578443212222087,68,1,0.0
5839.134445215855,9,2,39.14443242773945,28,2,0.0
12021.501803966414,11,0,34.63340510534456,26,4,0.0
11633.405524500778,11,2,31.491472511268658,32,1,0.0
53211.21686726467,16,3,31.70648334555955,49,2,0.0
68393.52084640728,17,3,49.847631820380755,51,1,0.0
9570.6098558721,14,3,20.281609918068888,34,1,0.0
36401.201164169746,11,0,37.806400893475214,44,0,0.0
10221.551855190548,10,0,19.94209401467138,58,1,0.0
18433.086430310166,8,1,42.887595715070105,49,0,0.0
9856.094315712366,11,1,26.332533634262063,43,1,0.0
11691.276519854648,16,2,70.98734214882839,40,1,0.0
3474.501456431533,8,4,42.75395597703472,43,3,0.0
1927.8060021581464,11,3,36.45974547719354,32,2,0.0
1069.4046955615174,19,3,61.25770238974192,35,5,0.0
2747.514589559996,17,1,50.39067880174607,18,2,0.0
2518.2562139347874,17,0,64.75443160306563,42,2,0.0
11316.363958419277,4,5,84.7569968519355,20,11,1.0
6380.820372689848,13,3,18.62946777074421,54,4,0.0
34661.48742589066,15,4,36.04256468206961,42,2,0.0
5025.813212841128,15,4,27.47130974515227,50,2,0.0
3009.3027153280095,16,2,5.89800185697164,42,2,0.0
7826.637277751569,19,2,33.97824551723153,32,0,0.0
31788.95773551248,8,0,16.08307941584816,54,2,0.0
15001.95202990176,12,4,25.90520487624869,19,2,0.0
5947.865080481093,14,2,20.53849888595015,52,5,0.0
48819.137316655404,12,1,48.40258635862926,34,3,0.0
37399.28686388352,22,2,66.04721147737253,30,5,1.0
3740.5585199521406,17,2,7.116498577232844,45,3,0.0
5218.449015727984,8,4,40.19090011700423,23,0,0.0
5112.077871601392,18,4,46.661010426813206,78,0,0.0
6545.629462551683,18,0,18.82093237765542,46,1,0.0
11912.188274995664,13,0,41.08356219682849,45,3,0.0
9011.10612034063,4,5,57.256177760867224,63,5,1.0
7826.847678735376,10,4,45.343558250343044,44,1,0.0
10467.49200723544,12,2,64.41064883760531,36,3,0.0
2909.1387631054954,19,4,48.43448902598937,62,1,0.0
7412.180655485049,9,3,52.1644160020166,43,1,0.0
3722.621161346964,10,4,36.17175525774518,31,4,0.0
7935.474313528295,16,0,17.197674580313905,63,3,0.0
10339.090775838555,18,0,11.447307660255026,35,4,0.0
5148.607385458518,4,1,85.54787738930396,40,13,1.0
10905.08718143376,16,2,17.979423659417467,40,3,0.0
14571.999062609739,11,4,56.42227587090672,41,3,0.0
18655.98256408603,8,4,63.49123400785472,49,6,0.0
11204.64797983491,14,3,28.45590535483774,33,1,0.0
6905.417103551191,12,1,28.322650274223843,20,0,0.0
20599.86868003321,0,6,71.70166418267986,20,11,1.0
1623.7876673027638,9,1,55.16587058543272,29,3,0.0
6154.55848217093,14,1,55.02640258308823,48,0,0.0
27940.046915839866,13,2,66.82904359338477,41,4,0.0
4859.954348651389,10,3,38.87941904951726,48,3,0.0
8928.431057563605,10,4,41.736774940815216,71,2,0.0
1973.76131572841,16,0,27.856546441095343,63,3,0.0
3312.2821357122575,19,4,16.70788514700291,62,3,0.0
12451.771975723017,11,2,31.698047204861368,60,2,0.0
28445.809225929195,9,0,45.128151674612866,22,2,0.0
7027.740430334378,15,3,38.300726367915445,49,1,0.0
5516.199775800723,10,4,27.441619028811274,54,4,0.0
3675.7980500743183,17,4,42.41284845892963,25,2,0.0
2146.972418146496,13,4,42.9538361354236,51,4,0.0
18530.68432102596,17,2,8.37125339843397,40,2,0.0
5799.33633019572,18,1,13.192498223185392,18,0,0.0
5323.110984277158,10,4,34.01872769115753,20,3,0.0
36460.799953937836,15,1,18.615920971773406,26,1,0.0
3135.6792967316587,13,0,6.427835715076206,63,0,0.0
4664.6913851800455,19,2,36.1031551828916,57,1,0.0
10862.507644215862,15,1,47.201084756759606,41,2,0.0
14593.29136407367,10,1,17.356936091497737,25,2,0.0
19333.71844257634,8,0,50.61768565060787,40,2,0.0
5701.5110544282925,14,0,48.50007794585441,41,0,0.0
8317.284099783792,10,1,4.687605652207088,49,4,0.0
11094.97223178584,14,3,24.052316831555366,80,1,0.0
4599.497191914193,13,1,24.223973838859592,65,1,0.0
3575.2104365506116,12,4,57.335514524275325,41,2,0.0
4992.868768873874,8,4,11.926103198534724,30,1,0.0
7909.9355505974,14,0,31.87484056140717,51,3,0.0
39775.6159785824,4,4,92.92411770752645,34,10,1.0
5184.792227054628,18,3,13.209262435097397,39,2,0.0
10954.957169364556,15,2,12.809823861390093,48,1,0.0
9039.822286363598,10,4,18.746426449474885,43,3,0.0
3737.644207482574,8,1,23.245975036091096,42,4,0.0
15148.659842214665,14,4,16.006112262989202,18,0,0.0
4627.717105899773,12,1,19.323522308082786,42,2,0.0
16322.664472022168,19,2,64.2799617028571,19,1,0.0
4698.886821663622,15,4,17.298723652894452,18,0,0.0
17039.067829113585,14,4,26.54378616968896,48,3,0.0
16531.094972841205,9,0,56.01647351142917,29,2,0.0
200000.0,0,4,58.638442079341026,22,9,1.0
3048.6213627543316,12,0,70.79130775020853,43,3,0.0
4327.502844116629,4,5,50.53672815125395,22,9,1.0
3944.8089022219633,11,0,18.995470754113647,31,4,0.0
159781.24485952043,5,2,94.3740419004706,53,5,1.0
13014.675975866383,19,2,47.843513077755304,31,1,0.0
4649.53680057312,14,0,14.166628280554644,75,0,0.0
3583.8385119663058,8,4,28.66003283191909,20,0,0.0
2942.95329917522,10,1,6.17612633983766,60,3,0.0
7706.056757709868,14,2,18.999152261423983,39,1,0.0
11425.674938169572,11,4,1.1838901144318503,55,3,0.0
200000.0,1,2,78.28731382436558,27,9,1.0
8252.95419735368,3,5,51.50587377669649,42,5,1.0
17246.9608758174,18,4,48.99033519428792,44,4,0.0
200000.0,2,5,67.90042278061739,32,8,1.0
7130.113333041376,16,4,12.681917285184163,47,1,0.0
2350.032651208951,10,0,28.340140593131345,50,3,0.0
5632.9456355677685,11,3,31.110133137351383,43,1,0.0
10135.384050325929,8,1,34.141723179861586,28,3,0.0
24075.514254739846,16,3,3.5803578246787424,53,4,0.0
2563.186327168082,11,2,35.77078894037337,33,2,0.0
7459.432564942127,23,5,96.19639997456146,39,6,1.0
2038.355311438436,10,0,29.087773300017915,50,2,0.0
21787.212788754132,3,3,50.79176020333961,32,8,1.0
16157.570682335005,9,4,52.617844195915254,66,0,0.0
15988.064417435911,14,3,29.97716427647808,38,1,0.0
1141.7641852530476,8,4,69.00875717162906,47,1,0.0
200000.0,5,4,74.21311060447626,18,4,1.0
69785.5646724141,12,1,49.836893302567475,50,2,0.0
4555.915417680405,13,2,19.07131420531398,48,1,0.0
39986.47986612275,3,3,73.91062592856488,37,11,1.0
4345.340817246079,13,0,18.322173253738754,40,3,0.0
1708.4995812821523,10,3,10.748146230475571,18,4,0.0
15911.85156771336,15,4,51.69921472538112,74,2,0.0
9635.224931726674,16,3,25.820741312335706,51,0,0.0
33540.34253277755,11,4,22.844364526225547,64,2,0.0
4390.5567024248285,14,0,25.4160723346467,59,5,0.0
14228.029930368488,16,1,13.883213905665711,33,0,0.0
56335.517012368255,23,4,82.47440738657494,56,7,1.0
2112.3355054686067,10,4,36.123547284550575,43,1,0.0
25431.759430091322,15,3,16.63712679424082,42,4,0.0
47792.40257852154,5,0,86.95558249513499,27,12,1.0
25812.020648360856,11,3,10.425571292167236,54,2,0.0
166561.06761330445,2,3,58.778184276193514,18,10,1.0
4105.058523493266,13,2,34.04942837642418,50,2,0.0
4836.541952756912,11,0,58.913912835607206,26,0,0.0
144443.95974096528,0,1,96.44874035408841,20,12,1.0
112688.4336076028,19,0,33.170163194102656,45,2,0.0
7891.0629391017455,14,4,19.160888718789614,53,2,0.0
8641.055503516622,10,2,15.959636114821354,48,0,0.0
16497.431287163326,15,3,29.161790928605065,59,4,0.0
3632.6683170000288,19,0,37.167852870614254,37,3,0.0
46879.73832558577,18,2,1.7217327086440641,47,2,0.0
8669.08459720877,14,2,35.35636099832572,38,2,0.0
3218.8091916735048,13,4,56.82435259637767,39,5,0.0
5118.61462548396,17,3,13.237845570239706,36,0,0.0
9678.875449340314,9,3,52.3608184101564,45,1,0.0
5752.054681755872,13,0,6.441766416285241,42,1,0.0
17187.42056433405,11,4,60.90683351185155,39,1,0.0
14938.189832172755,13,2,10.969924624873471,40,3,0.0
11458.054477516509,18,1,16.51364097358811,40,1,0.0
8492.855789954681,9,2,18.64923278542305,52,1,0.0
21734.709134545992,3,5,55.029529795293655,30,6,1.0
13545.178746322756,14,3,53.951443193094086,50,1,0.0
9878.19182933607,11,0,44.09260939027455,31,1,0.0
11877.602302808698,12,2,12.561615116793018,29,1,0.0
104828.87505666474,13,2,12.131923791810914,47,3,0.0
5067.108478482348,16,1,24.415321769315536,31,1,0.0
5020.332162555507,11,3,34.191981599657886,53,2,0.0
9985.243129271063,13,0,47.63180582568401,64,1,0.0
3023.8131720593747,16,3,54.869726695917876,46,1,0.0
24998.348197006955,16,2,51.43772970295415,72,1,0.0
22753.295261544925,14,4,26.6071993164895,37,2,0.0
14918.6929410571,13,2,13.389902098243642,47,2,0.0
9767.020794254246,17,3,52.74697434707658,65,3,0.0
43322.92901448254,13,4,11.44549544007108,50,2,0.0
31114.21432977334,16,3,17.7633416648473,55,5,0.0
12188.55597572142,14,2,25.811051481633246,59,2,0.0
13457.260198532482,12,3,8.664081953183594,37,1,0.0
316.94639541177565,19,4,38.63521628270161,74,0,0.0
15589.699027077106,8,3,65.673898971026,26,2,0.0
11018.15362332559,17,4,31.891586116341493,59,1,0.0
11297.243218585472,12,1,32.049117521478195,42,1,0.0
10409.694874222569,15,1,38.543892301234365,33,2,0.0
7554.013485933687,8,0,30.169089383623003,51,1,0.0
5791.897868504361,11,1,17.220572464146503,18,0,0.0
24555.805469010793,19,4,13.801109849579952,42,2,0.0
8836.00196983525,17,2,2.12466562827878,44,5,0.0
14529.38145307282,8,0,20.327622062089613,56,1,0.0
43789.16253639323,18,0,29.18703371403939,51,3,0.0
2163.6316037595775,19,0,41.771108110152404,34,1,0.0
2352.065810123881,8,2,22.30271708267983,58,2,0.0
11023.688859031035,13,2,27.43334630777422,20,2,0.0
29391.83394187187,4,5,88.43576049065102,52,9,1.0
22345.272692236103,16,4,70.14259858292023,34,3,0.0
7013.832769828411,8,2,9.582704965109116,54,1,0.0
3950.33545161018,16,2,19.09088073726924,44,3,0.0
10036.46169921577,16,3,30.684425210246435,40,3,0.0
2406.2177304215497,19,4,47.07123323269696,46,1,0.0
13006.930692512664,14,4,11.490367851725214,61,1,0.0
1994.5005302623445,19,4,8.904558910665783,23,2,0.0
26609.312596362917,12,1,18.181032268743014,46,1,0.0
1368.2389460509976,19,4,65.21424738860108,44,2,0.0
9746.210858246766,13,0,28.25750744595417,30,3,0.0
200000.0,2,3,56.79637790004474,18,8,1.0
9449.575567107311,14,4,36.84488391442928,53,3,0.0
36172.13360618812,9,3,21.391196408084785,36,2,0.0
5512.019790566966,13,3,30.4135895109132,57,3,0.0
18950.812716800247,17,0,12.90002340140669,53,5,0.0
1645.1261401561603,11,2,17.019110418292087,22,1,0.0
32951.5740922271,8,1,26.664483653175132,73,2,0.0
13127.603310302457,9,1,15.828834654228775,57,4,0.0
23933.902398347807,15,3,7.775525424617618,45,2,0.0
1475.3013612913978,12,4,48.08942660324013,67,3,0.0
5039.46240065306,10,2,8.858422253771202,23,0,0.0
3833.4231791337106,13,3,48.34462750597176,56,5,0.0
21485.86241713808,0,4,82.28288747950351,19,11,1.0
4011.1111427562096,15,4,18.570867820645777,37,2,0.0
200000.0,0,6,31.436173460836287,18,10,1.0
10241.616347130403,14,2,46.676103039950405,38,4,0.0
5657.333285578848,10,1,16.833634167091944,64,4,0.0
4897.716455012046,19,3,35.97209961184976,38,5,0.0
8719.506900430948,15,0,56.23673377904159,40,2,0.0
8145.685664223954,11,2,38.72478510001292,48,2,0.0
14182.873837619643,16,4,21.90005585674616,27,1,0.0
16444.591788074038,11,2,10.579300413174403,78,0,0.0
12998.607072232047,16,3,58.03080646535541,31,3,0.0
40559.34087667536,22,2,52.32777467251325,48,9,1.0
8794.432584382363,18,0,32.44696814537137,32,2,0.0
43002.84371041595,17,2,17.03620783017278,49,1,0.0
146672.14227861518,0,3,59.10784459706917,32,6,1.0
3053.753433793306,13,4,33.28198423324486,40,1,0.0
10118.63215982602,19,0,28.73951414708223,29,3,0.0
200000.0,5,5,53.66163404072077,36,5,1.0
39862.31325742414,9,3,51.188252699358415,33,4,0.0
7839.050741521137,15,4,38.9733865245374,56,1,0.0
4556.737444608918,8,1,10.891923837303203,26,3,0.0
11404.416547198685,15,0,39.21634177973655,74,1,0.0
118491.82268541881,3,3,84.36554276927438,21,18,1.0
3529.988469844345,11,3,43.84693037896168,47,3,0.0
1938.8661492389583,9,1,8.13407228082389,60,4,0.0
23517.036032975375,9,2,32.11233806446609,48,2,0.0
7842.4397058454,17,4,66.35654760200968,37,1,0.0
2871.9710374776287,17,3,10.055269829732318,36,5,0.0
8606.13164305144,10,4,52.67666218862919,56,3,0.0
25830.97942176514,17,4,7.583134830226654,37,0,0.0
8480.89987002175,14,0,18.055921592930403,53,2,0.0
60488.25777186961,13,2,11.077966091073192,52,2,0.0
2334.01513333648,10,0,40.68892529961301,51,0,0.0
1019.0333568680942,10,4,18.69926117258386,42,3,0.0
21147.36998360376,13,3,12.43271608573993,41,3,0.0
108141.23073776407,1,1,74.74989935473641,47,4,1.0
2636.6856674624382,8,4,5.465015812840834,35,1,0.0
4223.41639760213,12,3,6.320308323906895,34,3,0.0
23879.62169718476,13,3,17.078737399790363,47,4,0.0
2668.9066003252924,13,2,11.61753294148751,50,3,0.0
5941.597071097656,16,0,51.39958493022699,43,2,0.0
6432.158608209512,8,4,10.319532780078854,54,2,0.0
16508.23915670097,8,4,30.81893837813885,52,2,0.0
27078.869148789145,11,4,74.76640899591878,42,2,0.0
44198.9524823248,13,0,19.127115985704506,34,0,0.0
11189.359491901227,15,1,6.093332227292547,70,0,0.0
12629.863758420208,15,2,33.49595175340333,48,3,0.0
13597.741890417881,11,0,57.988623490739265,32,1,0.0
7145.321457468524,12,4,49.9917763456227,48,0,0.0
6918.7617962301765,14,2,34.904604449116654,42,1,0.0
39577.5301658799,10,3,30.86930175245965,37,5,0.0
19386.275315493236,18,3,17.689911833002668,75,2,0.0
3792.828547975952,12,3,9.80913959945501,37,2,0.0
5054.671449609108,19,2,5.015787656208412,45,1,0.0
54591.131355355115,4,3,81.81346181922808,29,5,1.0
22739.176193934254,14,2,42.34644910177178,18,1,0.0
1780.7838967973314,12,3,25.982324087824193,34,4,0.0
1983.3373312452552,19,1,36.069055375811864,44,1,0.0
4978.453682278535,12,2,36.78015253189207,45,4,0.0
2219.242561059738,10,3,40.21971070324341,30,1,0.0
22658.130934716475,3,5,82.0717611592574,37,5,1.0
200000.0,1,1,77.38138569431635,31,10,1.0
57511.525347403505,5,6,70.1717225697017,38,6,1.0
10136.35783020747,18,0,35.667732745639086,18,1,0.0
4579.081477589197,10,4,18.127168404905163,53,3,0.0
5103.718707275392,11,1,15.03939190011696,26,0,0.0
6168.9037707829,11,0,12.268216489802363,71,1,0.0
10820.184931689852,11,4,60.363565229367374,53,0,0.0
4976.060416513025,17,2,24.185494617743682,64,0,0.0
64730.5176299113,2,0,76.931345561254,42,4,1.0
17515.91532725948,16,2,46.67587510478546,48,1,0.0
23228.90885604211,16,3,43.67385760516886,71,1,0.0
4906.140959240007,16,3,40.95227149851231,59,4,0.0
13426.52193893709,12,3,31.100059621803062,18,0,0.0
20415.03706251124,14,1,32.08700481739361,61,2,0.0
15623.845886832056,13,0,71.12894118438568,44,0,0.0
3777.2097076754717,11,0,23.460085085355928,64,2,0.0
2390.25742906014,17,3,23.03120111019195,18,0,0.0
18689.032100157503,11,2,41.87432618872351,20,2,0.0
3329.1941955533066,8,1,18.01315318540516,32,0,0.0
106229.78429763345,18,0,14.453229904701596,44,1,0.0
18406.92407431217,18,4,53.33340568486841,45,2,0.0
12983.252755843832,18,2,40.87719424606177,45,1,0.0
94400.35756685455,11,3,39.907585423164946,55,3,0.0
200000.0,1,2,83.34717658621884,52,7,1.0
1476.4803546753803,9,0,22.734130437391904,20,1,0.0
1875.2271014960659,8,1,24.193224062000475,18,3,0.0
5848.710378664775,13,4,25.997278659045765,44,2,0.0
3668.284017599722,10,4,6.013776535496423,30,3,0.0
4338.055227071665,18,2,15.605694347927546,80,1,0.0
18571.911449726253,19,2,16.436470144995276,59,1,0.0
5647.870408171036,19,4,31.305503263356105,24,2,0.0
57798.906333539235,13,3,40.344386831393145,61,1,0.0
10450.664493867278,15,3,34.70315966107429,55,3,0.0
14627.444898748898,8,2,24.502240528633397,38,1,0.0
13562.111533870224,18,3,15.4273737172675,28,2,0.0
2164.115026177067,16,1,18.065407564733178,57,3,0.0
2748.865223755397,13,1,48.06612578774402,32,2,0.0
31378.316441587485,14,2,64.56735783548176,67,2,0.0
7824.471784119945,17,1,18.233327232767206,48,1,0.0
4282.3620438417265,11,4,17.863112088353773,57,4,0.0
6394.422424868775,19,4,31.807490909213477,47,4,0.0
6411.487775701454,14,3,44.64784893552113,32,1,0.0
4328.74500677071,10,3,39.88272669465462,71,4,0.0
6250.449428070245,13,2,26.21214092500534,49,0,0.0
200000.0,0,6,83.36128310867629,30,8,1.0
10721.095550947852,12,2,25.34361865769636,50,3,0.0
42850.57935462704,18,2,50.78098437530107,56,2,0.0
14430.107870607333,16,2,49.62033006342143,24,1,0.0
6741.357975438226,12,1,66.14856689499689,52,2,0.0
13218.525362461056,8,4,45.05017205515954,25,4,0.0
8144.624814154856,19,3,30.3369599843127,49,1,0.0
5247.482792808734,19,3,44.130336052315194,40,4,0.0
11471.049498394104,13,2,19.47149250249008,74,3,0.0
6508.728955383944,13,0,56.04459705523169,37,1,0.0
2786.048522172083,14,3,41.05302109690939,62,1,0.0
2001.0602141918134,17,4,61.40536571392487,36,2,0.0
23321.296295822085,10,3,12.281223707245882,50,0,0.0
7994.449563151127,19,4,20.439969623294495,36,0,0.0
15073.177180239609,11,3,39.177191515645774,49,0,0.0
6542.084704245807,11,0,43.08116984022526,37,1,0.0
11588.718495181021,19,1,5.703267471125719,55,3,0.0
3231.0930539515957,9,0,39.43123177223955,43,4,0.0
11798.149998161236,11,1,56.01879404817066,57,3,0.0
101410.55180044645,9,2,41.480419139184235,54,1,0.0
3903.517576416916,11,4,28.06605350400735,24,2,0.0
19567.782777277913,10,2,15.545600463760504,37,2,0.0
15251.112635141226,12,3,56.467175649222966,24,2,0.0
72388.51500173955,8,3,30.078934254704777,38,2,0.0
10732.071434463645,9,3,59.55474739892773,54,0,0.0
26351.94022441388,14,1,41.56273645796219,47,3,0.0
1983.2422913206879,17,0,33.33409411108965,33,3,0.0
13252.20418953829,9,0,15.822466458457205,25,2,0.0
13081.833954174292,10,4,13.846563418566305,18,3,0.0
3375.7801988319616,9,2,31.44286878500435,19,1,0.0
18279.165945796853,8,3,27.349370783515063,18,0,0.0
2680.2491242488863,8,3,20.296066172211987,38,1,0.0
810.8465580293549,16,3,12.789989043989022,44,4,0.0
7674.858482185335,12,4,6.77652809329191,26,1,0.0
8952.171119973804,16,2,23.511251792796735,30,4,0.0
200000.0,3,5,89.75847246941507,25,10,1.0
1526.2892151375147,14,3,30.139256449958886,80,2,0.0
21683.83646197806,11,3,11.939550085295323,34,1,0.0
19383.621029492773,4,0,92.81535599506978,26,6,1.0
18261.05305252161,16,0,23.965473070594022,36,4,0.0
34440.13520523291,9,2,61.76872187953555,23,1,0.0
1443.869826429169,10,0,53.683553023626985,48,4,0.0
52353.52300373063,8,2,48.35382002222453,59,2,0.0
16957.51843578307,15,2,24.754307919453485,52,3,0.0
8754.895491555473,9,2,51.94678075844885,42,2,0.0
3610.8616773990007,8,3,55.06163086587611,50,4,0.0
7533.92239335237,19,4,18.877592842610007,34,4,0.0
7360.919237145769,9,4,11.341374791535603,35,1,0.0
3741.248976003249,16,2,37.458410079401986,35,4,0.0
9973.508304463077,10,4,5.452966529580577,63,0,0.0
4117.815155802433,8,3,21.297330276600157,68,1,0.0
7971.094612340615,12,2,26.24629460787615,39,4,0.0
5875.897882196181,8,4,14.00295445620006,24,1,0.0
4396.140153240174,9,2,8.276409706920772,76,1,0.0
7654.541235720052,13,1,8.557242722329207,46,4,0.0
9612.940496311378,8,0,9.430256429180591,39,4,0.0
4052.5046649550463,11,3,17.454695304655402,43,2,0.0
23132.856051557355,19,2,38.31927830118527,68,1,0.0
20289.564058509724,13,0,43.04296088401619,50,3,0.0
8253.840887135795,19,1,52.3004321009627,52,4,0.0
8393.925361540192,9,4,18.942972202957737,60,2,0.0
3666.99266478377,9,1,14.89716264181436,39,1,0.0
95465.72977731812,2,1,93.28415456435259,40,10,1.0
1834.3392739623864,10,4,25.438733917351218,36,1,0.0
38082.31199931768,13,2,55.1829813703958,62,2,0.0
9234.858563851238,10,3,50.67647836989389,61,1,0.0
14196.979736702524,15,3,29.83008342677755,42,2,0.0
17802.329593259154,19,0,11.856610341423055,37,2,0.0
5367.52954347008,17,0,12.083707088158976,39,2,0.0
3720.804824719094,9,4,19.80856884097398,29,5,0.0
4449.846931025098,14,4,11.291689331531389,59,3,0.0
4006.4318429597556,15,4,31.198023558062516,60,3,0.0
14422.675911219592,14,2,12.048105868362121,65,2,0.0
33168.21909227995,16,1,36.94032053570756,74,0,0.0
4617.15144746524,16,2,47.003384832814476,36,2,0.0
12137.448345518977,8,2,33.46719886441486,19,4,0.0
5387.9735420118295,19,0,19.59548472726582,56,2,0.0
4550.973041416517,9,2,40.41216429949596,32,1,0.0
7056.720462438668,11,2,18.988607220248248,47,2,0.0
200000.0,4,6,55.06055883481644,47,9,1.0
109750.52862814753,0,0,87.03798205528224,58,3,1.0
64563.26008480534,13,3,45.28320752390311,49,2,0.0
6505.011196518951,12,3,6.423019594074096,39,2,0.0
3172.1820061126646,11,2,39.84282864135943,29,1,0.0
18444.93179185176,8,4,49.43807502280964,38,1,0.0
1685.4287814360798,18,2,29.884923446366336,58,1,0.0
8505.95366055463,19,3,45.859987366748385,49,5,0.0
16091.580437607263,15,0,25.301452941767756,44,4,0.0
4768.286912935263,11,3,58.627999379008585,18,2,0.0
10138.47105058767,16,3,11.647445277413553,60,2,0.0
21346.54097979197,19,0,42.68439485946315,39,2,0.0
4611.347751628427,11,1,34.58321730348328,53,0,0.0
9383.552357279743,9,2,59.39774941661794,43,5,0.0
26935.86427853917,8,3,30.83411403706157,52,2,0.0
10219.469325969516,13,1,25.585570330481783,64,4,0.0
3916.144191829438,9,1,16.236024731229406,54,2,0.0
7224.718559598294,13,0,5.502236332332576,39,1,0.0
1195.9782579122502,15,0,30.418765837961747,39,1,0.0
8275.079782866127,18,1,34.37393711377039,18,1,0.0
17274.533028675392,11,0,28.528260819894648,80,1,0.0
52900.64651439695,18,1,19.641343808070506,28,0,0.0
8186.42899011611,12,2,32.061019630162185,40,1,0.0
18435.992739058238,9,1,29.794200100473116,51,2,0.0
7712.026637735024,14,0,33.948246415200956,47,3,0.0
77428.8472674803,3,1,82.0187416864382,32,8,1.0
546.2699989328983,15,0,16.13760415954073,19,5,0.0
8798.03772033361,10,2,26.21996640764782,27,6,0.0
3803.3945694999293,10,4,25.17774457736023,62,2,0.0
99941.39170154833,2,2,54.63795881601515,27,11,1.0
4227.463432728891,19,1,50.579222034842964,27,2,0.0
3233.589351340871,12,4,22.07279351547035,40,2,0.0
19259.412748787818,15,4,36.30960954429233,56,3,0.0
1055.6114640819576,15,0,75.08495527242623,26,3,0.0
48754.74785191099,14,2,19.842832117147715,57,2,0.0
19363.104481641432,14,4,32.99151194987344,46,1,0.0
6372.0377912456615,14,3,30.936527724267943,20,0,0.0
1781.3963023810131,15,1,10.845713854624355,66,3,0.0
11851.359325604682,16,1,43.76842966352118,43,0,0.0
6735.166859755941,19,4,24.151538617329056,39,3,0.0
6316.77429474757,17,1,6.974461356439853,45,2,0.0
2620.0488163671585,9,2,52.81224747065734,71,1,0.0
10619.60208650387,18,0,18.230727500773508,36,6,0.0
11285.380786608745,17,1,33.926447463833256,58,1,0.0
41980.80267059075,19,4,15.545520897987686,21,2,0.0
10826.746256913793,11,2,3.6309838812390693,80,4,0.0
3525.0307086979046,14,2,3.9861594144489803,18,2,0.0
3807.077325768023,11,2,39.92279421087999,71,1,0.0
67653.62366198367,8,2,14.027013175756398,18,0,0.0
6465.422878537768,19,1,19.303541715303812,65,0,0.0
18279.02736521955,13,4,11.883400816382386,49,2,0.0
2445.786696488338,10,4,31.647010256253903,26,2,0.0
3057.394402534769,13,4,25.14542633701141,42,1,0.0
9887.827118493222,9,3,31.178138879901667,59,0,0.0
15697.770443770283,5,3,90.17268111521284,29,7,1.0
19080.05436512583,10,3,29.628302982707023,37,1,0.0
9418.148388094538,9,1,11.149805504616102,28,0,0.0
5948.104501040401,19,3,15.924736207325813,54,1,0.0
29076.24573086224,13,1,35.23577121877356,35,1,0.0
35594.41914246573,17,1,35.53409916048372,46,2,0.0
4880.762929445798,8,4,8.032622458354783,69,2,0.0
49634.85352599625,14,1,36.72424269553155,30,1,0.0
14003.987383738817,14,0,29.003718335150104,52,3,0.0
4689.780500564056,9,3,32.17778262429801,68,3,0.0
1718.7225131430498,13,4,34.03241826897958,54,1,0.0
4705.9136907699085,12,1,40.37021900406361,18,1,0.0
3647.1552365927764,17,2,5.162337582688732,54,0,0.0
6408.707340470276,9,3,70.16664786282043,65,2,0.0
34583.90252332025,10,4,46.19826554139721,48,2,0.0
11257.0638645742,10,2,27.73624081806177,20,2,0.0
4658.043059722366,13,2,17.592433751589798,71,0,0.0
8004.45249051134,17,4,25.171868745098852,54,0,0.0
5911.948522853429,17,4,14.848331692454453,51,5,0.0
14975.438430388074,18,3,41.560866545120554,40,1,0.0
3263.686113345422,14,1,8.64481433728293,33,3,0.0
93503.29727393224,13,3,55.57145409941777,73,2,0.0
35089.203478121664,9,1,11.755065796978666,46,1,0.0
4804.349726063561,8,0,19.023557901867008,62,3,0.0
37723.426252585086,13,3,17.804011286312928,19,0,0.0
53433.11165390767,12,1,15.2313695266673,34,1,0.0
34244.227490624486,16,1,36.03499822774544,42,2,0.0
9926.10089536383,14,1,40.68766392328217,56,1,0.0
8726.282960287976,8,3,7.754374790946529,26,0,0.0
5751.899824456476,15,2,4.9288996170837525,61,1,0.0
